"","virus","codon","rscu","aa","group"
"1","TbelPV1","GCT",0.992248062015504,"A","other"
"2","HPV204","GCT",1.6,"A","other"
"3","HPV1","GCT",1.69105691056911,"A","other"
"4","HPV63","GCT",1.7007874015748,"A","other"
"5","CcanPV1","GCT",1.312,"A","other"
"6","OcPV1","GCT",1.66101694915254,"A","other"
"7","SfPV1","GCT",1.2,"A","other"
"8","TePV1","GCT",1.48,"A","other"
"9","CPV1","GCT",1.16363636363636,"A","other"
"10","LwiePV1","GCT",1.33333333333333,"A","other"
"11","CcrPV1","GCT",1.72881355932203,"A","other"
"12","FcaPV1","GCT",1.36111111111111,"A","other"
"13","PlpPV1","GCT",1.38461538461538,"A","other"
"14","UuPV1","GCT",1.66153846153846,"A","other"
"15","LrPV1","GCT",1.20325203252033,"A","other"
"16","PcPV1","GCT",1.22388059701493,"A","other"
"17","CPV6","GCT",1.66666666666667,"A","other"
"18","AmPV4","GCT",1.44827586206897,"A","other"
"19","LwPV1","GCT",1.45762711864407,"A","other"
"20","ElPV1","GCT",1.4453781512605,"A","other"
"21","PlPV1","GCT",0.943089430894309,"A","other"
"22","MscPV2","GCT",1.33333333333333,"A","yang"
"23","RfPV1","GCT",1.32307692307692,"A","yin"
"24","EsPV1","GCT",1.58064516129032,"A","yang"
"25","EsPV3","GCT",1.80740740740741,"A","yang"
"26","EhPV1","GCT",1.408,"A","yin"
"27","TbraPV1","GCT",2.14925373134328,"A","yang"
"28","TbraPV2","GCT",1.84615384615385,"A","yang"
"29","TbraPV3","GCT",2.08571428571429,"A","yang"
"30","EdPV1","GCT",1.34375,"A","yin"
"31","HPV41","GCT",1.5,"A","yin"
"32","TbelPV1","GCC",0.868217054263566,"A","other"
"33","HPV204","GCC",0.417391304347826,"A","other"
"34","HPV1","GCC",0.520325203252033,"A","other"
"35","HPV63","GCC",0.47244094488189,"A","other"
"36","CcanPV1","GCC",0.64,"A","other"
"37","OcPV1","GCC",0.610169491525424,"A","other"
"38","SfPV1","GCC",0.5,"A","other"
"39","TePV1","GCC",0.52,"A","other"
"40","CPV1","GCC",0.472727272727273,"A","other"
"41","LwiePV1","GCC",0.682170542635659,"A","other"
"42","CcrPV1","GCC",0.610169491525424,"A","other"
"43","FcaPV1","GCC",0.833333333333333,"A","other"
"44","PlpPV1","GCC",0.738461538461539,"A","other"
"45","UuPV1","GCC",0.584615384615385,"A","other"
"46","LrPV1","GCC",0.878048780487805,"A","other"
"47","PcPV1","GCC",0.776119402985075,"A","other"
"48","CPV6","GCC",0.518518518518518,"A","other"
"49","AmPV4","GCC",0.241379310344828,"A","other"
"50","LwPV1","GCC",0.644067796610169,"A","other"
"51","ElPV1","GCC",0.336134453781513,"A","other"
"52","PlPV1","GCC",0.357723577235772,"A","other"
"53","MscPV2","GCC",0.666666666666667,"A","yang"
"54","RfPV1","GCC",0.738461538461539,"A","yin"
"55","EsPV1","GCC",0.548387096774194,"A","yang"
"56","EsPV3","GCC",0.474074074074074,"A","yang"
"57","EhPV1","GCC",0.48,"A","yin"
"58","TbraPV1","GCC",0.447761194029851,"A","yang"
"59","TbraPV2","GCC",0.503496503496504,"A","yang"
"60","TbraPV3","GCC",0.428571428571429,"A","yang"
"61","EdPV1","GCC",0.625,"A","yin"
"62","HPV41","GCC",0.6875,"A","yin"
"63","TbelPV1","GCA",1.51937984496124,"A","other"
"64","HPV204","GCA",1.77391304347826,"A","other"
"65","HPV1","GCA",1.49593495934959,"A","other"
"66","HPV63","GCA",1.7007874015748,"A","other"
"67","CcanPV1","GCA",1.664,"A","other"
"68","OcPV1","GCA",1.22033898305085,"A","other"
"69","SfPV1","GCA",1.8,"A","other"
"70","TePV1","GCA",1.8,"A","other"
"71","CPV1","GCA",2.14545454545455,"A","other"
"72","LwiePV1","GCA",1.61240310077519,"A","other"
"73","CcrPV1","GCA",1.52542372881356,"A","other"
"74","FcaPV1","GCA",1.52777777777778,"A","other"
"75","PlpPV1","GCA",1.53846153846154,"A","other"
"76","UuPV1","GCA",1.41538461538462,"A","other"
"77","LrPV1","GCA",1.59349593495935,"A","other"
"78","PcPV1","GCA",1.61194029850746,"A","other"
"79","CPV6","GCA",1.44444444444444,"A","other"
"80","AmPV4","GCA",2.13793103448276,"A","other"
"81","LwPV1","GCA",1.66101694915254,"A","other"
"82","ElPV1","GCA",1.91596638655462,"A","other"
"83","PlPV1","GCA",2.34146341463415,"A","other"
"84","MscPV2","GCA",1.76,"A","yang"
"85","RfPV1","GCA",1.6,"A","yin"
"86","EsPV1","GCA",1.58064516129032,"A","yang"
"87","EsPV3","GCA",1.54074074074074,"A","yang"
"88","EhPV1","GCA",1.792,"A","yin"
"89","TbraPV1","GCA",1.25373134328358,"A","yang"
"90","TbraPV2","GCA",1.51048951048951,"A","yang"
"91","TbraPV3","GCA",1.2,"A","yang"
"92","EdPV1","GCA",1.40625,"A","yin"
"93","HPV41","GCA",1.375,"A","yin"
"94","TbelPV1","GCG",0.62015503875969,"A","other"
"95","HPV204","GCG",0.208695652173913,"A","other"
"96","HPV1","GCG",0.292682926829268,"A","other"
"97","HPV63","GCG",0.125984251968504,"A","other"
"98","CcanPV1","GCG",0.384,"A","other"
"99","OcPV1","GCG",0.508474576271186,"A","other"
"100","SfPV1","GCG",0.5,"A","other"
"101","TePV1","GCG",0.2,"A","other"
"102","CPV1","GCG",0.218181818181818,"A","other"
"103","LwiePV1","GCG",0.372093023255814,"A","other"
"104","CcrPV1","GCG",0.135593220338983,"A","other"
"105","FcaPV1","GCG",0.277777777777778,"A","other"
"106","PlpPV1","GCG",0.338461538461538,"A","other"
"107","UuPV1","GCG",0.338461538461538,"A","other"
"108","LrPV1","GCG",0.32520325203252,"A","other"
"109","PcPV1","GCG",0.388059701492537,"A","other"
"110","CPV6","GCG",0.37037037037037,"A","other"
"111","AmPV4","GCG",0.172413793103448,"A","other"
"112","LwPV1","GCG",0.23728813559322,"A","other"
"113","ElPV1","GCG",0.302521008403361,"A","other"
"114","PlPV1","GCG",0.357723577235772,"A","other"
"115","MscPV2","GCG",0.24,"A","yang"
"116","RfPV1","GCG",0.338461538461538,"A","yin"
"117","EsPV1","GCG",0.290322580645161,"A","yang"
"118","EsPV3","GCG",0.177777777777778,"A","yang"
"119","EhPV1","GCG",0.32,"A","yin"
"120","TbraPV1","GCG",0.149253731343284,"A","yang"
"121","TbraPV2","GCG",0.13986013986014,"A","yang"
"122","TbraPV3","GCG",0.285714285714286,"A","yang"
"123","EdPV1","GCG",0.625,"A","yin"
"124","HPV41","GCG",0.4375,"A","yin"
"125","TbelPV1","CCT",1.35338345864662,"P","other"
"126","HPV204","CCT",2.25,"P","other"
"127","HPV1","CCT",1.53271028037383,"P","other"
"128","HPV63","CCT",1.79310344827586,"P","other"
"129","CcanPV1","CCT",1.49152542372881,"P","other"
"130","OcPV1","CCT",1.30232558139535,"P","other"
"131","SfPV1","CCT",1.3953488372093,"P","other"
"132","TePV1","CCT",1.85185185185185,"P","other"
"133","CPV1","CCT",2.112,"P","other"
"134","LwiePV1","CCT",1.52238805970149,"P","other"
"135","CcrPV1","CCT",1.87387387387387,"P","other"
"136","FcaPV1","CCT",1.664,"P","other"
"137","PlpPV1","CCT",1.96774193548387,"P","other"
"138","UuPV1","CCT",1.96825396825397,"P","other"
"139","LrPV1","CCT",1.632,"P","other"
"140","PcPV1","CCT",1.51612903225806,"P","other"
"141","CPV6","CCT",1.65289256198347,"P","other"
"142","AmPV4","CCT",1.98095238095238,"P","other"
"143","LwPV1","CCT",2.04444444444444,"P","other"
"144","ElPV1","CCT",2.09677419354839,"P","other"
"145","PlPV1","CCT",1.49618320610687,"P","other"
"146","MscPV2","CCT",1.77049180327869,"P","yang"
"147","RfPV1","CCT",1.72307692307692,"P","yin"
"148","EsPV1","CCT",1.61290322580645,"P","yang"
"149","EsPV3","CCT",1.86440677966102,"P","yang"
"150","EhPV1","CCT",1.93650793650794,"P","yin"
"151","TbraPV1","CCT",1.98657718120805,"P","yang"
"152","TbraPV2","CCT",1.98540145985401,"P","yang"
"153","TbraPV3","CCT",1.82857142857143,"P","yang"
"154","EdPV1","CCT",2.17322834645669,"P","yin"
"155","HPV41","CCT",1.58677685950413,"P","yin"
"156","TbelPV1","CCC",1.02255639097744,"P","other"
"157","HPV204","CCC",0.464285714285714,"P","other"
"158","HPV1","CCC",0.710280373831776,"P","other"
"159","HPV63","CCC",0.448275862068966,"P","other"
"160","CcanPV1","CCC",0.508474576271187,"P","other"
"161","OcPV1","CCC",1.02325581395349,"P","other"
"162","SfPV1","CCC",0.775193798449612,"P","other"
"163","TePV1","CCC",0.407407407407407,"P","other"
"164","CPV1","CCC",0.288,"P","other"
"165","LwiePV1","CCC",0.716417910447761,"P","other"
"166","CcrPV1","CCC",0.288288288288288,"P","other"
"167","FcaPV1","CCC",0.864,"P","other"
"168","PlpPV1","CCC",0.838709677419355,"P","other"
"169","UuPV1","CCC",0.73015873015873,"P","other"
"170","LrPV1","CCC",1.056,"P","other"
"171","PcPV1","CCC",0.935483870967742,"P","other"
"172","CPV6","CCC",0.462809917355372,"P","other"
"173","AmPV4","CCC",0.266666666666667,"P","other"
"174","LwPV1","CCC",0.592592592592593,"P","other"
"175","ElPV1","CCC",0.741935483870968,"P","other"
"176","PlPV1","CCC",0.793893129770992,"P","other"
"177","MscPV2","CCC",0.754098360655738,"P","yang"
"178","RfPV1","CCC",0.984615384615385,"P","yin"
"179","EsPV1","CCC",0.806451612903226,"P","yang"
"180","EsPV3","CCC",0.677966101694915,"P","yang"
"181","EhPV1","CCC",0.603174603174603,"P","yin"
"182","TbraPV1","CCC",0.805369127516779,"P","yang"
"183","TbraPV2","CCC",0.496350364963504,"P","yang"
"184","TbraPV3","CCC",0.971428571428571,"P","yang"
"185","EdPV1","CCC",0.692913385826772,"P","yin"
"186","HPV41","CCC",0.892561983471074,"P","yin"
"187","TbelPV1","CCA",1.11278195488722,"P","other"
"188","HPV204","CCA",1.17857142857143,"P","other"
"189","HPV1","CCA",1.68224299065421,"P","other"
"190","HPV63","CCA",1.55172413793103,"P","other"
"191","CcanPV1","CCA",1.69491525423729,"P","other"
"192","OcPV1","CCA",1.30232558139535,"P","other"
"193","SfPV1","CCA",1.33333333333333,"P","other"
"194","TePV1","CCA",1.48148148148148,"P","other"
"195","CPV1","CCA",1.28,"P","other"
"196","LwiePV1","CCA",1.58208955223881,"P","other"
"197","CcrPV1","CCA",1.62162162162162,"P","other"
"198","FcaPV1","CCA",1.12,"P","other"
"199","PlpPV1","CCA",0.903225806451613,"P","other"
"200","UuPV1","CCA",1.04761904761905,"P","other"
"201","LrPV1","CCA",0.928,"P","other"
"202","PcPV1","CCA",1.03225806451613,"P","other"
"203","CPV6","CCA",1.65289256198347,"P","other"
"204","AmPV4","CCA",1.40952380952381,"P","other"
"205","LwPV1","CCA",0.977777777777778,"P","other"
"206","ElPV1","CCA",0.935483870967742,"P","other"
"207","PlPV1","CCA",1.2824427480916,"P","other"
"208","MscPV2","CCA",1.08196721311475,"P","yang"
"209","RfPV1","CCA",0.830769230769231,"P","yin"
"210","EsPV1","CCA",1.32258064516129,"P","yang"
"211","EsPV3","CCA",1.1864406779661,"P","yang"
"212","EhPV1","CCA",1.33333333333333,"P","yin"
"213","TbraPV1","CCA",0.993288590604027,"P","yang"
"214","TbraPV2","CCA",1.34306569343066,"P","yang"
"215","TbraPV3","CCA",1.08571428571429,"P","yang"
"216","EdPV1","CCA",0.94488188976378,"P","yin"
"217","HPV41","CCA",1.22314049586777,"P","yin"
"218","TbelPV1","CCG",0.511278195488722,"P","other"
"219","HPV204","CCG",0.107142857142857,"P","other"
"220","HPV1","CCG",0.0747663551401869,"P","other"
"221","HPV63","CCG",0.206896551724138,"P","other"
"222","CcanPV1","CCG",0.305084745762712,"P","other"
"223","OcPV1","CCG",0.372093023255814,"P","other"
"224","SfPV1","CCG",0.496124031007752,"P","other"
"225","TePV1","CCG",0.259259259259259,"P","other"
"226","CPV1","CCG",0.32,"P","other"
"227","LwiePV1","CCG",0.17910447761194,"P","other"
"228","CcrPV1","CCG",0.216216216216216,"P","other"
"229","FcaPV1","CCG",0.352,"P","other"
"230","PlpPV1","CCG",0.290322580645161,"P","other"
"231","UuPV1","CCG",0.253968253968254,"P","other"
"232","LrPV1","CCG",0.384,"P","other"
"233","PcPV1","CCG",0.516129032258065,"P","other"
"234","CPV6","CCG",0.231404958677686,"P","other"
"235","AmPV4","CCG",0.342857142857143,"P","other"
"236","LwPV1","CCG",0.385185185185185,"P","other"
"237","ElPV1","CCG",0.225806451612903,"P","other"
"238","PlPV1","CCG",0.427480916030534,"P","other"
"239","MscPV2","CCG",0.39344262295082,"P","yang"
"240","RfPV1","CCG",0.461538461538462,"P","yin"
"241","EsPV1","CCG",0.258064516129032,"P","yang"
"242","EsPV3","CCG",0.271186440677966,"P","yang"
"243","EhPV1","CCG",0.126984126984127,"P","yin"
"244","TbraPV1","CCG",0.214765100671141,"P","yang"
"245","TbraPV2","CCG",0.175182481751825,"P","yang"
"246","TbraPV3","CCG",0.114285714285714,"P","yang"
"247","EdPV1","CCG",0.188976377952756,"P","yin"
"248","HPV41","CCG",0.297520661157025,"P","yin"
"249","TbelPV1","CGT",0.447761194029851,"R","other"
"250","HPV204","CGT",0.413793103448276,"R","other"
"251","HPV1","CGT",0.780487804878049,"R","other"
"252","HPV63","CGT",0.912,"R","other"
"253","CcanPV1","CGT",0.465116279069767,"R","other"
"254","OcPV1","CGT",0.573913043478261,"R","other"
"255","SfPV1","CGT",0.321428571428571,"R","other"
"256","TePV1","CGT",0.696428571428572,"R","other"
"257","CPV1","CGT",0.417391304347826,"R","other"
"258","LwiePV1","CGT",0.590163934426229,"R","other"
"259","CcrPV1","CGT",0.594059405940594,"R","other"
"260","FcaPV1","CGT",0.727272727272727,"R","other"
"261","PlpPV1","CGT",0.425196850393701,"R","other"
"262","UuPV1","CGT",0.412213740458015,"R","other"
"263","LrPV1","CGT",0.503496503496504,"R","other"
"264","PcPV1","CGT",0.71830985915493,"R","other"
"265","CPV6","CGT",0.446280991735537,"R","other"
"266","AmPV4","CGT",0.469565217391304,"R","other"
"267","LwPV1","CGT",0.458015267175573,"R","other"
"268","ElPV1","CGT",0.605042016806723,"R","other"
"269","PlPV1","CGT",0.608695652173913,"R","other"
"270","MscPV2","CGT",0.281879194630873,"R","yang"
"271","RfPV1","CGT",0.533333333333333,"R","yin"
"272","EsPV1","CGT",0.133333333333333,"R","yang"
"273","EsPV3","CGT",0.215827338129496,"R","yang"
"274","EhPV1","CGT",0.461538461538462,"R","yin"
"275","TbraPV1","CGT",0.218978102189781,"R","yang"
"276","TbraPV2","CGT",0.1875,"R","yang"
"277","TbraPV3","CGT",0.135338345864662,"R","yang"
"278","EdPV1","CGT",1.05882352941176,"R","yin"
"279","HPV41","CGT",1.07142857142857,"R","yin"
"280","TbelPV1","CGC",0.940298507462687,"R","other"
"281","HPV204","CGC",0.206896551724138,"R","other"
"282","HPV1","CGC",0.536585365853658,"R","other"
"283","HPV63","CGC",0.624,"R","other"
"284","CcanPV1","CGC",0.976744186046512,"R","other"
"285","OcPV1","CGC",1.04347826086957,"R","other"
"286","SfPV1","CGC",0.803571428571428,"R","other"
"287","TePV1","CGC",0.375,"R","other"
"288","CPV1","CGC",0.626086956521739,"R","other"
"289","LwiePV1","CGC",0.639344262295082,"R","other"
"290","CcrPV1","CGC",0.475247524752475,"R","other"
"291","FcaPV1","CGC",0.727272727272727,"R","other"
"292","PlpPV1","CGC",0.755905511811024,"R","other"
"293","UuPV1","CGC",0.778625954198473,"R","other"
"294","LrPV1","CGC",0.797202797202797,"R","other"
"295","PcPV1","CGC",0.845070422535211,"R","other"
"296","CPV6","CGC",0.495867768595041,"R","other"
"297","AmPV4","CGC",0.417391304347826,"R","other"
"298","LwPV1","CGC",0.732824427480916,"R","other"
"299","ElPV1","CGC",0.65546218487395,"R","other"
"300","PlPV1","CGC",0.739130434782609,"R","other"
"301","MscPV2","CGC",0.281879194630873,"R","yang"
"302","RfPV1","CGC",0.533333333333333,"R","yin"
"303","EsPV1","CGC",0.311111111111111,"R","yang"
"304","EsPV3","CGC",0.215827338129496,"R","yang"
"305","EhPV1","CGC",0.6,"R","yin"
"306","TbraPV1","CGC",0.525547445255474,"R","yang"
"307","TbraPV2","CGC",0.421875,"R","yang"
"308","TbraPV3","CGC",0.496240601503759,"R","yang"
"309","EdPV1","CGC",0.75,"R","yin"
"310","HPV41","CGC",0.857142857142857,"R","yin"
"311","TbelPV1","CGA",0.537313432835821,"R","other"
"312","HPV204","CGA",0.672413793103448,"R","other"
"313","HPV1","CGA",0.390243902439024,"R","other"
"314","HPV63","CGA",0.816,"R","other"
"315","CcanPV1","CGA",0.883720930232558,"R","other"
"316","OcPV1","CGA",0.469565217391304,"R","other"
"317","SfPV1","CGA",0.375,"R","other"
"318","TePV1","CGA",0.214285714285714,"R","other"
"319","CPV1","CGA",0.365217391304348,"R","other"
"320","LwiePV1","CGA",0.442622950819672,"R","other"
"321","CcrPV1","CGA",0.534653465346535,"R","other"
"322","FcaPV1","CGA",0.409090909090909,"R","other"
"323","PlpPV1","CGA",0.566929133858268,"R","other"
"324","UuPV1","CGA",0.687022900763359,"R","other"
"325","LrPV1","CGA",0.41958041958042,"R","other"
"326","PcPV1","CGA",0.380281690140845,"R","other"
"327","CPV6","CGA",0.297520661157025,"R","other"
"328","AmPV4","CGA",0.573913043478261,"R","other"
"329","LwPV1","CGA",0.412213740458015,"R","other"
"330","ElPV1","CGA",0.554621848739496,"R","other"
"331","PlPV1","CGA",0.608695652173913,"R","other"
"332","MscPV2","CGA",0.120805369127517,"R","yang"
"333","RfPV1","CGA",0.577777777777778,"R","yin"
"334","EsPV1","CGA",0.266666666666667,"R","yang"
"335","EsPV3","CGA",0.129496402877698,"R","yang"
"336","EhPV1","CGA",0.6,"R","yin"
"337","TbraPV1","CGA",0.0875912408759124,"R","yang"
"338","TbraPV2","CGA",0.09375,"R","yang"
"339","TbraPV3","CGA",0.270676691729323,"R","yang"
"340","EdPV1","CGA",0.75,"R","yin"
"341","HPV41","CGA",0.342857142857143,"R","yin"
"342","TbelPV1","CGG",0.850746268656717,"R","other"
"343","HPV204","CGG",0.206896551724138,"R","other"
"344","HPV1","CGG",0.195121951219512,"R","other"
"345","HPV63","CGG",0.288,"R","other"
"346","CcanPV1","CGG",0.372093023255814,"R","other"
"347","OcPV1","CGG",0.417391304347826,"R","other"
"348","SfPV1","CGG",0.321428571428571,"R","other"
"349","TePV1","CGG",0.214285714285714,"R","other"
"350","CPV1","CGG",0.469565217391304,"R","other"
"351","LwiePV1","CGG",0.639344262295082,"R","other"
"352","CcrPV1","CGG",0.0594059405940594,"R","other"
"353","FcaPV1","CGG",0.5,"R","other"
"354","PlpPV1","CGG",0.661417322834646,"R","other"
"355","UuPV1","CGG",0.595419847328244,"R","other"
"356","LrPV1","CGG",0.713286713286713,"R","other"
"357","PcPV1","CGG",0.76056338028169,"R","other"
"358","CPV6","CGG",0.396694214876033,"R","other"
"359","AmPV4","CGG",0.469565217391304,"R","other"
"360","LwPV1","CGG",0.641221374045802,"R","other"
"361","ElPV1","CGG",0.957983193277311,"R","other"
"362","PlPV1","CGG",0.260869565217391,"R","other"
"363","MscPV2","CGG",0.523489932885906,"R","yang"
"364","RfPV1","CGG",0.711111111111111,"R","yin"
"365","EsPV1","CGG",0.222222222222222,"R","yang"
"366","EsPV3","CGG",0.388489208633094,"R","yang"
"367","EhPV1","CGG",0.6,"R","yin"
"368","TbraPV1","CGG",0.0875912408759124,"R","yang"
"369","TbraPV2","CGG",0.1875,"R","yang"
"370","TbraPV3","CGG",0.225563909774436,"R","yang"
"371","EdPV1","CGG",0.705882352941177,"R","yin"
"372","HPV41","CGG",1.11428571428571,"R","yin"
"373","TbelPV1","AGA",1.34328358208955,"R","other"
"374","HPV204","AGA",3.41379310344828,"R","other"
"375","HPV1","AGA",2.97560975609756,"R","other"
"376","HPV63","AGA",2.112,"R","other"
"377","CcanPV1","AGA",2.27906976744186,"R","other"
"378","OcPV1","AGA",2.4,"R","other"
"379","SfPV1","AGA",2.73214285714286,"R","other"
"380","TePV1","AGA",3,"R","other"
"381","CPV1","AGA",2.81739130434783,"R","other"
"382","LwiePV1","AGA",1.77049180327869,"R","other"
"383","CcrPV1","AGA",3.08910891089109,"R","other"
"384","FcaPV1","AGA",1.40909090909091,"R","other"
"385","PlpPV1","AGA",1.51181102362205,"R","other"
"386","UuPV1","AGA",1.87786259541985,"R","other"
"387","LrPV1","AGA",1.8041958041958,"R","other"
"388","PcPV1","AGA",1.26760563380282,"R","other"
"389","CPV6","AGA",2.92561983471074,"R","other"
"390","AmPV4","AGA",2.76521739130435,"R","other"
"391","LwPV1","AGA",2.33587786259542,"R","other"
"392","ElPV1","AGA",1.51260504201681,"R","other"
"393","PlPV1","AGA",1.56521739130435,"R","other"
"394","MscPV2","AGA",2.49664429530201,"R","yang"
"395","RfPV1","AGA",1.64444444444444,"R","yin"
"396","EsPV1","AGA",2.31111111111111,"R","yang"
"397","EsPV3","AGA",2.71942446043166,"R","yang"
"398","EhPV1","AGA",2.95384615384615,"R","yin"
"399","TbraPV1","AGA",2.84671532846715,"R","yang"
"400","TbraPV2","AGA",3.09375,"R","yang"
"401","TbraPV3","AGA",2.61654135338346,"R","yang"
"402","EdPV1","AGA",1.5,"R","yin"
"403","HPV41","AGA",0.985714285714286,"R","yin"
"404","TbelPV1","AGG",1.88059701492537,"R","other"
"405","HPV204","AGG",1.08620689655172,"R","other"
"406","HPV1","AGG",1.1219512195122,"R","other"
"407","HPV63","AGG",1.248,"R","other"
"408","CcanPV1","AGG",1.02325581395349,"R","other"
"409","OcPV1","AGG",1.09565217391304,"R","other"
"410","SfPV1","AGG",1.44642857142857,"R","other"
"411","TePV1","AGG",1.5,"R","other"
"412","CPV1","AGG",1.30434782608696,"R","other"
"413","LwiePV1","AGG",1.91803278688525,"R","other"
"414","CcrPV1","AGG",1.24752475247525,"R","other"
"415","FcaPV1","AGG",2.22727272727273,"R","other"
"416","PlpPV1","AGG",2.07874015748032,"R","other"
"417","UuPV1","AGG",1.64885496183206,"R","other"
"418","LrPV1","AGG",1.76223776223776,"R","other"
"419","PcPV1","AGG",2.02816901408451,"R","other"
"420","CPV6","AGG",1.43801652892562,"R","other"
"421","AmPV4","AGG",1.30434782608696,"R","other"
"422","LwPV1","AGG",1.41984732824427,"R","other"
"423","ElPV1","AGG",1.71428571428571,"R","other"
"424","PlPV1","AGG",2.21739130434783,"R","other"
"425","MscPV2","AGG",2.29530201342282,"R","yang"
"426","RfPV1","AGG",2,"R","yin"
"427","EsPV1","AGG",2.75555555555556,"R","yang"
"428","EsPV3","AGG",2.33093525179856,"R","yang"
"429","EhPV1","AGG",0.784615384615385,"R","yin"
"430","TbraPV1","AGG",2.23357664233577,"R","yang"
"431","TbraPV2","AGG",2.015625,"R","yang"
"432","TbraPV3","AGG",2.25563909774436,"R","yang"
"433","EdPV1","AGG",1.23529411764706,"R","yin"
"434","HPV41","AGG",1.62857142857143,"R","yin"
"435","TbelPV1","TCT",1.46666666666667,"S","other"
"436","HPV204","TCT",1.53658536585366,"S","other"
"437","HPV1","TCT",1.75862068965517,"S","other"
"438","HPV63","TCT",1.73493975903614,"S","other"
"439","CcanPV1","TCT",1.88461538461538,"S","other"
"440","OcPV1","TCT",1.09756097560976,"S","other"
"441","SfPV1","TCT",1.13793103448276,"S","other"
"442","TePV1","TCT",1.70886075949367,"S","other"
"443","CPV1","TCT",1.88165680473373,"S","other"
"444","LwiePV1","TCT",1.72549019607843,"S","other"
"445","CcrPV1","TCT",1.82781456953642,"S","other"
"446","FcaPV1","TCT",1.53947368421053,"S","other"
"447","PlpPV1","TCT",1.47019867549669,"S","other"
"448","UuPV1","TCT",1.8375,"S","other"
"449","LrPV1","TCT",1.44,"S","other"
"450","PcPV1","TCT",1.89677419354839,"S","other"
"451","CPV6","TCT",1.56521739130435,"S","other"
"452","AmPV4","TCT",1.83116883116883,"S","other"
"453","LwPV1","TCT",1.66037735849057,"S","other"
"454","ElPV1","TCT",1.61676646706587,"S","other"
"455","PlPV1","TCT",1.49044585987261,"S","other"
"456","MscPV2","TCT",0.75,"S","yang"
"457","RfPV1","TCT",1.06578947368421,"S","yin"
"458","EsPV1","TCT",1.87261146496815,"S","yang"
"459","EsPV3","TCT",1.6258064516129,"S","yang"
"460","EhPV1","TCT",1.48872180451128,"S","yin"
"461","TbraPV1","TCT",1.6046511627907,"S","yang"
"462","TbraPV2","TCT",1.83941605839416,"S","yang"
"463","TbraPV3","TCT",2.19875776397516,"S","yang"
"464","EdPV1","TCT",1.88811188811189,"S","yin"
"465","HPV41","TCT",1.22981366459627,"S","yin"
"466","TbelPV1","TCC",0.8,"S","other"
"467","HPV204","TCC",0.329268292682927,"S","other"
"468","HPV1","TCC",0.551724137931034,"S","other"
"469","HPV63","TCC",0.506024096385542,"S","other"
"470","CcanPV1","TCC",0.461538461538462,"S","other"
"471","OcPV1","TCC",0.658536585365854,"S","other"
"472","SfPV1","TCC",0.724137931034483,"S","other"
"473","TePV1","TCC",0.417721518987342,"S","other"
"474","CPV1","TCC",0.42603550295858,"S","other"
"475","LwiePV1","TCC",0.666666666666667,"S","other"
"476","CcrPV1","TCC",0.516556291390728,"S","other"
"477","FcaPV1","TCC",0.986842105263158,"S","other"
"478","PlpPV1","TCC",0.516556291390728,"S","other"
"479","UuPV1","TCC",0.5625,"S","other"
"480","LrPV1","TCC",1.04,"S","other"
"481","PcPV1","TCC",0.503225806451613,"S","other"
"482","CPV6","TCC",0.335403726708075,"S","other"
"483","AmPV4","TCC",0.350649350649351,"S","other"
"484","LwPV1","TCC",0.679245283018868,"S","other"
"485","ElPV1","TCC",0.502994011976048,"S","other"
"486","PlPV1","TCC",0.535031847133758,"S","other"
"487","MscPV2","TCC",0.75,"S","yang"
"488","RfPV1","TCC",0.947368421052632,"S","yin"
"489","EsPV1","TCC",0.764331210191083,"S","yang"
"490","EsPV3","TCC",0.696774193548387,"S","yang"
"491","EhPV1","TCC",0.586466165413534,"S","yin"
"492","TbraPV1","TCC",0.732558139534884,"S","yang"
"493","TbraPV2","TCC",0.437956204379562,"S","yang"
"494","TbraPV3","TCC",0.447204968944099,"S","yang"
"495","EdPV1","TCC",0.629370629370629,"S","yin"
"496","HPV41","TCC",1.04347826086957,"S","yin"
"497","TbelPV1","TCA",0.666666666666667,"S","other"
"498","HPV204","TCA",1.13414634146341,"S","other"
"499","HPV1","TCA",1.13793103448276,"S","other"
"500","HPV63","TCA",0.975903614457831,"S","other"
"501","CcanPV1","TCA",0.730769230769231,"S","other"
"502","OcPV1","TCA",0.987804878048781,"S","other"
"503","SfPV1","TCA",1.10344827586207,"S","other"
"504","TePV1","TCA",1.06329113924051,"S","other"
"505","CPV1","TCA",0.745562130177515,"S","other"
"506","LwiePV1","TCA",0.705882352941176,"S","other"
"507","CcrPV1","TCA",0.913907284768212,"S","other"
"508","FcaPV1","TCA",0.631578947368421,"S","other"
"509","PlpPV1","TCA",1.43046357615894,"S","other"
"510","UuPV1","TCA",0.825,"S","other"
"511","LrPV1","TCA",0.68,"S","other"
"512","PcPV1","TCA",0.851612903225806,"S","other"
"513","CPV6","TCA",1.15527950310559,"S","other"
"514","AmPV4","TCA",1.16883116883117,"S","other"
"515","LwPV1","TCA",1.05660377358491,"S","other"
"516","ElPV1","TCA",0.970059880239521,"S","other"
"517","PlPV1","TCA",0.878980891719745,"S","other"
"518","MscPV2","TCA",1.5,"S","yang"
"519","RfPV1","TCA",0.789473684210526,"S","yin"
"520","EsPV1","TCA",0.917197452229299,"S","yang"
"521","EsPV3","TCA",1.12258064516129,"S","yang"
"522","EhPV1","TCA",1.12781954887218,"S","yin"
"523","TbraPV1","TCA",1.11627906976744,"S","yang"
"524","TbraPV2","TCA",1.05109489051095,"S","yang"
"525","TbraPV3","TCA",0.857142857142857,"S","yang"
"526","EdPV1","TCA",0.839160839160839,"S","yin"
"527","HPV41","TCA",1.11801242236025,"S","yin"
"528","TbelPV1","TCG",0.488888888888889,"S","other"
"529","HPV204","TCG",0.219512195121951,"S","other"
"530","HPV1","TCG",0.206896551724138,"S","other"
"531","HPV63","TCG",0.180722891566265,"S","other"
"532","CcanPV1","TCG",0.230769230769231,"S","other"
"533","OcPV1","TCG",0.25609756097561,"S","other"
"534","SfPV1","TCG",0.275862068965517,"S","other"
"535","TePV1","TCG",0.189873417721519,"S","other"
"536","CPV1","TCG",0.284023668639053,"S","other"
"537","LwiePV1","TCG",0.196078431372549,"S","other"
"538","CcrPV1","TCG",0.317880794701987,"S","other"
"539","FcaPV1","TCG",0.473684210526316,"S","other"
"540","PlpPV1","TCG",0.23841059602649,"S","other"
"541","UuPV1","TCG",0.3,"S","other"
"542","LrPV1","TCG",0.44,"S","other"
"543","PcPV1","TCG",0.309677419354839,"S","other"
"544","CPV6","TCG",0.149068322981366,"S","other"
"545","AmPV4","TCG",0.194805194805195,"S","other"
"546","LwPV1","TCG",0.264150943396226,"S","other"
"547","ElPV1","TCG",0.215568862275449,"S","other"
"548","PlPV1","TCG",0.420382165605096,"S","other"
"549","MscPV2","TCG",0.0833333333333333,"S","yang"
"550","RfPV1","TCG",0.276315789473684,"S","yin"
"551","EsPV1","TCG",0.0764331210191083,"S","yang"
"552","EsPV3","TCG",0.0387096774193548,"S","yang"
"553","EhPV1","TCG",0.180451127819549,"S","yin"
"554","TbraPV1","TCG",0.104651162790698,"S","yang"
"555","TbraPV2","TCG",0.218978102189781,"S","yang"
"556","TbraPV3","TCG",0.111801242236025,"S","yang"
"557","EdPV1","TCG",0.251748251748252,"S","yin"
"558","HPV41","TCG",0.186335403726708,"S","yin"
"559","TbelPV1","AGT",1.06666666666667,"S","other"
"560","HPV204","AGT",2.04878048780488,"S","other"
"561","HPV1","AGT",1.41379310344828,"S","other"
"562","HPV63","AGT",1.98795180722892,"S","other"
"563","CcanPV1","AGT",1.42307692307692,"S","other"
"564","OcPV1","AGT",1.64634146341463,"S","other"
"565","SfPV1","AGT",1.27586206896552,"S","other"
"566","TePV1","AGT",1.74683544303797,"S","other"
"567","CPV1","AGT",1.42011834319527,"S","other"
"568","LwiePV1","AGT",1.45098039215686,"S","other"
"569","CcrPV1","AGT",1.70860927152318,"S","other"
"570","FcaPV1","AGT",1.38157894736842,"S","other"
"571","PlpPV1","AGT",1.27152317880795,"S","other"
"572","UuPV1","AGT",1.275,"S","other"
"573","LrPV1","AGT",1.24,"S","other"
"574","PcPV1","AGT",1.16129032258065,"S","other"
"575","CPV6","AGT",1.45341614906832,"S","other"
"576","AmPV4","AGT",1.94805194805195,"S","other"
"577","LwPV1","AGT",1.35849056603774,"S","other"
"578","ElPV1","AGT",1.54491017964072,"S","other"
"579","PlPV1","AGT",1.3375796178344,"S","other"
"580","MscPV2","AGT",1.66666666666667,"S","yang"
"581","RfPV1","AGT",1.65789473684211,"S","yin"
"582","EsPV1","AGT",1.10828025477707,"S","yang"
"583","EsPV3","AGT",1.23870967741935,"S","yang"
"584","EhPV1","AGT",1.53383458646617,"S","yin"
"585","TbraPV1","AGT",1.53488372093023,"S","yang"
"586","TbraPV2","AGT",1.35766423357664,"S","yang"
"587","TbraPV3","AGT",1.37888198757764,"S","yang"
"588","EdPV1","AGT",1.17482517482518,"S","yin"
"589","HPV41","AGT",1.00621118012422,"S","yin"
"590","TbelPV1","AGC",1.51111111111111,"S","other"
"591","HPV204","AGC",0.731707317073171,"S","other"
"592","HPV1","AGC",0.931034482758621,"S","other"
"593","HPV63","AGC",0.614457831325301,"S","other"
"594","CcanPV1","AGC",1.26923076923077,"S","other"
"595","OcPV1","AGC",1.35365853658537,"S","other"
"596","SfPV1","AGC",1.48275862068966,"S","other"
"597","TePV1","AGC",0.873417721518987,"S","other"
"598","CPV1","AGC",1.24260355029586,"S","other"
"599","LwiePV1","AGC",1.25490196078431,"S","other"
"600","CcrPV1","AGC",0.71523178807947,"S","other"
"601","FcaPV1","AGC",0.986842105263158,"S","other"
"602","PlpPV1","AGC",1.07284768211921,"S","other"
"603","UuPV1","AGC",1.2,"S","other"
"604","LrPV1","AGC",1.16,"S","other"
"605","PcPV1","AGC",1.27741935483871,"S","other"
"606","CPV6","AGC",1.3416149068323,"S","other"
"607","AmPV4","AGC",0.506493506493507,"S","other"
"608","LwPV1","AGC",0.981132075471698,"S","other"
"609","ElPV1","AGC",1.1497005988024,"S","other"
"610","PlPV1","AGC",1.3375796178344,"S","other"
"611","MscPV2","AGC",1.25,"S","yang"
"612","RfPV1","AGC",1.26315789473684,"S","yin"
"613","EsPV1","AGC",1.26114649681529,"S","yang"
"614","EsPV3","AGC",1.27741935483871,"S","yang"
"615","EhPV1","AGC",1.08270676691729,"S","yin"
"616","TbraPV1","AGC",0.906976744186046,"S","yang"
"617","TbraPV2","AGC",1.09489051094891,"S","yang"
"618","TbraPV3","AGC",1.00621118012422,"S","yang"
"619","EdPV1","AGC",1.21678321678322,"S","yin"
"620","HPV41","AGC",1.41614906832298,"S","yin"
"621","TbelPV1","ACT",1.06666666666667,"T","other"
"622","HPV204","ACT",1.57037037037037,"T","other"
"623","HPV1","ACT",1.20863309352518,"T","other"
"624","HPV63","ACT",1.52380952380952,"T","other"
"625","CcanPV1","ACT",1.984,"T","other"
"626","OcPV1","ACT",1.27131782945736,"T","other"
"627","SfPV1","ACT",0.857142857142857,"T","other"
"628","TePV1","ACT",1.71875,"T","other"
"629","CPV1","ACT",1.65853658536585,"T","other"
"630","LwiePV1","ACT",1.33333333333333,"T","other"
"631","CcrPV1","ACT",1.8962962962963,"T","other"
"632","FcaPV1","ACT",1.16788321167883,"T","other"
"633","PlpPV1","ACT",1.22314049586777,"T","other"
"634","UuPV1","ACT",1.38709677419355,"T","other"
"635","LrPV1","ACT",0.953846153846154,"T","other"
"636","PcPV1","ACT",0.952380952380952,"T","other"
"637","CPV6","ACT",1.66666666666667,"T","other"
"638","AmPV4","ACT",1.74193548387097,"T","other"
"639","LwPV1","ACT",1.27586206896552,"T","other"
"640","ElPV1","ACT",1.13846153846154,"T","other"
"641","PlPV1","ACT",1.17857142857143,"T","other"
"642","MscPV2","ACT",1.4025974025974,"T","yang"
"643","RfPV1","ACT",1.43511450381679,"T","yin"
"644","EsPV1","ACT",1.90625,"T","yang"
"645","EsPV3","ACT",2,"T","yang"
"646","EhPV1","ACT",1.175,"T","yin"
"647","TbraPV1","ACT",1.81818181818182,"T","yang"
"648","TbraPV2","ACT",1.92125984251968,"T","yang"
"649","TbraPV3","ACT",2.11920529801325,"T","yang"
"650","EdPV1","ACT",1.2972972972973,"T","yin"
"651","HPV41","ACT",1.30496453900709,"T","yin"
"652","TbelPV1","ACC",0.859259259259259,"T","other"
"653","HPV204","ACC",0.503703703703704,"T","other"
"654","HPV1","ACC",0.633093525179856,"T","other"
"655","HPV63","ACC",0.603174603174603,"T","other"
"656","CcanPV1","ACC",0.32,"T","other"
"657","OcPV1","ACC",0.837209302325581,"T","other"
"658","SfPV1","ACC",0.666666666666667,"T","other"
"659","TePV1","ACC",0.25,"T","other"
"660","CPV1","ACC",0.552845528455285,"T","other"
"661","LwiePV1","ACC",0.96,"T","other"
"662","CcrPV1","ACC",0.414814814814815,"T","other"
"663","FcaPV1","ACC",0.992700729927007,"T","other"
"664","PlpPV1","ACC",0.727272727272727,"T","other"
"665","UuPV1","ACC",0.967741935483871,"T","other"
"666","LrPV1","ACC",1.2,"T","other"
"667","PcPV1","ACC",1.01587301587302,"T","other"
"668","CPV6","ACC",0.454545454545455,"T","other"
"669","AmPV4","ACC",0.451612903225806,"T","other"
"670","LwPV1","ACC",0.931034482758621,"T","other"
"671","ElPV1","ACC",0.861538461538462,"T","other"
"672","PlPV1","ACC",0.714285714285714,"T","other"
"673","MscPV2","ACC",0.649350649350649,"T","yang"
"674","RfPV1","ACC",0.854961832061069,"T","yin"
"675","EsPV1","ACC",0.53125,"T","yang"
"676","EsPV3","ACC",0.4,"T","yang"
"677","EhPV1","ACC",0.8,"T","yin"
"678","TbraPV1","ACC",0.779220779220779,"T","yang"
"679","TbraPV2","ACC",0.409448818897638,"T","yang"
"680","TbraPV3","ACC",0.556291390728477,"T","yang"
"681","EdPV1","ACC",0.648648648648649,"T","yin"
"682","HPV41","ACC",0.822695035460993,"T","yin"
"683","TbelPV1","ACA",1.51111111111111,"T","other"
"684","HPV204","ACA",1.80740740740741,"T","other"
"685","HPV1","ACA",2.01438848920863,"T","other"
"686","HPV63","ACA",1.71428571428571,"T","other"
"687","CcanPV1","ACA",1.536,"T","other"
"688","OcPV1","ACA",1.67441860465116,"T","other"
"689","SfPV1","ACA",2.09523809523809,"T","other"
"690","TePV1","ACA",1.71875,"T","other"
"691","CPV1","ACA",1.46341463414634,"T","other"
"692","LwiePV1","ACA",1.52,"T","other"
"693","CcrPV1","ACA",1.33333333333333,"T","other"
"694","FcaPV1","ACA",1.4014598540146,"T","other"
"695","PlpPV1","ACA",1.81818181818182,"T","other"
"696","UuPV1","ACA",1.2258064516129,"T","other"
"697","LrPV1","ACA",1.29230769230769,"T","other"
"698","PcPV1","ACA",1.58730158730159,"T","other"
"699","CPV6","ACA",1.66666666666667,"T","other"
"700","AmPV4","ACA",1.51612903225806,"T","other"
"701","LwPV1","ACA",1.55172413793103,"T","other"
"702","ElPV1","ACA",1.6,"T","other"
"703","PlPV1","ACA",1.5,"T","other"
"704","MscPV2","ACA",1.74025974025974,"T","yang"
"705","RfPV1","ACA",1.46564885496183,"T","yin"
"706","EsPV1","ACA",1.5,"T","yang"
"707","EsPV3","ACA",1.5,"T","yang"
"708","EhPV1","ACA",1.775,"T","yin"
"709","TbraPV1","ACA",1.22077922077922,"T","yang"
"710","TbraPV2","ACA",1.54330708661417,"T","yang"
"711","TbraPV3","ACA",1.19205298013245,"T","yang"
"712","EdPV1","ACA",1.75675675675676,"T","yin"
"713","HPV41","ACA",1.47517730496454,"T","yin"
"714","TbelPV1","ACG",0.562962962962963,"T","other"
"715","HPV204","ACG",0.118518518518519,"T","other"
"716","HPV1","ACG",0.143884892086331,"T","other"
"717","HPV63","ACG",0.158730158730159,"T","other"
"718","CcanPV1","ACG",0.16,"T","other"
"719","OcPV1","ACG",0.217054263565891,"T","other"
"720","SfPV1","ACG",0.380952380952381,"T","other"
"721","TePV1","ACG",0.3125,"T","other"
"722","CPV1","ACG",0.32520325203252,"T","other"
"723","LwiePV1","ACG",0.186666666666667,"T","other"
"724","CcrPV1","ACG",0.355555555555556,"T","other"
"725","FcaPV1","ACG",0.437956204379562,"T","other"
"726","PlpPV1","ACG",0.231404958677686,"T","other"
"727","UuPV1","ACG",0.419354838709677,"T","other"
"728","LrPV1","ACG",0.553846153846154,"T","other"
"729","PcPV1","ACG",0.444444444444444,"T","other"
"730","CPV6","ACG",0.212121212121212,"T","other"
"731","AmPV4","ACG",0.290322580645161,"T","other"
"732","LwPV1","ACG",0.241379310344828,"T","other"
"733","ElPV1","ACG",0.4,"T","other"
"734","PlPV1","ACG",0.607142857142857,"T","other"
"735","MscPV2","ACG",0.207792207792208,"T","yang"
"736","RfPV1","ACG",0.244274809160305,"T","yin"
"737","EsPV1","ACG",0.0625,"T","yang"
"738","EsPV3","ACG",0.1,"T","yang"
"739","EhPV1","ACG",0.25,"T","yin"
"740","TbraPV1","ACG",0.181818181818182,"T","yang"
"741","TbraPV2","ACG",0.125984251968504,"T","yang"
"742","TbraPV3","ACG",0.132450331125828,"T","yang"
"743","EdPV1","ACG",0.297297297297297,"T","yin"
"744","HPV41","ACG",0.397163120567376,"T","yin"
